,Name,Radius,Mass,Gravity,Distance
0,Sun,695700000.0,1.989e+30,274.10478078144416,1.5813e-05
1,Sirius,1182690000.0,4.1769000000000005e+30,199.1764843048556,8.6
2,Alpha Centauri,834840000.0,2.1879e+30,209.38559643026983,4.4
3,Altair,1252260000.0,3.5802e+30,152.280433767469,17.0
4,Fomalhaut,1252260000.0,3.7791e+30,160.7404578656617,25.0
